{
	"editor": {
		"backDropShape": "entity/humanoid/seraph",
		"collapsedPaths": "",
		"allAngles": true,
		"entityTextureMode": false
	},
	"textureWidth": 16,
	"textureHeight": 16,
	"textureSizes": {
	},
	"textures": {
		"blue": "game:item/armor/cloth/blue"
	},
	"elements": [
		{
			"name": "Glasses",
			"stepParentName": "R eye",
			"from": [ -0.1, 0.0, -0.4 ],
			"to": [ 0.0, 0.1, 3.6 ],
			"rotationOrigin": [ 4.9, 26.8, 5.8 ],
			"faces": {
				"north": { "texture": "#blue", "uv": [ 7.0, 7.0, 7.5, 7.5 ] },
				"east": { "texture": "#blue", "uv": [ 5.0, 6.5, 9.0, 7.0 ] },
				"south": { "texture": "#blue", "uv": [ 7.5, 6.5, 8.0, 7.0 ] },
				"west": { "texture": "#blue", "uv": [ 7.0, 9.0, 11.0, 9.5 ] },
				"up": { "texture": "#blue", "uv": [ 4.5, 5.5, 5.0, 9.5 ] },
				"down": { "texture": "#blue", "uv": [ 6.0, 5.0, 6.5, 9.0 ], "rotation": 180 }
			},
			"children": [
				{
					"name": "Glasses2",
					"from": [ 0.0, 1.0, 0.0 ],
					"to": [ 0.1, 1.1, 4.0 ],
					"rotationOrigin": [ 0.0, 1.0, 0.0 ],
					"faces": {
						"north": { "texture": "#blue", "uv": [ 0.0, 0.0, 0.5, 0.5 ] },
						"east": { "texture": "#blue", "uv": [ 0.0, 0.0, 4.0, 0.5 ] },
						"south": { "texture": "#blue", "uv": [ 0.0, 0.0, 0.5, 0.5 ] },
						"west": { "texture": "#blue", "uv": [ 0.0, 0.0, 4.0, 0.5 ] },
						"up": { "texture": "#blue", "uv": [ 0.0, 0.0, 0.5, 4.0 ] },
						"down": { "texture": "#blue", "uv": [ 0.0, 0.0, 0.5, 4.0 ] }
					},
					"children": [
						{
							"name": "Cube2",
							"from": [ 0.0, -1.0, 0.0 ],
							"to": [ 0.1, -0.9, 1.0 ],
							"rotationOrigin": [ 0.0, -1.0, 0.0 ],
							"rotationX": -90.0,
							"faces": {
								"north": { "texture": "#blue", "uv": [ 0.0, 0.0, 0.5, 0.5 ] },
								"east": { "texture": "#blue", "uv": [ 0.0, 0.0, 1.0, 0.5 ] },
								"south": { "texture": "#blue", "uv": [ 0.0, 0.0, 0.5, 0.5 ] },
								"west": { "texture": "#blue", "uv": [ 0.0, 0.0, 1.0, 0.5 ] },
								"up": { "texture": "#blue", "uv": [ 0.0, 0.0, 0.5, 1.0 ] },
								"down": { "texture": "#blue", "uv": [ 0.0, 0.0, 0.5, 1.0 ] }
							}
						},
						{
							"name": "Cube3",
							"from": [ 0.0, -1.0, 4.0 ],
							"to": [ 0.1, -0.9, 5.0 ],
							"rotationOrigin": [ 0.0, -1.0, 4.0 ],
							"rotationX": -90.0,
							"faces": {
								"north": { "texture": "#blue", "uv": [ 0.0, 0.0, 0.5, 0.5 ] },
								"east": { "texture": "#blue", "uv": [ 0.0, 0.0, 1.0, 0.5 ] },
								"south": { "texture": "#blue", "uv": [ 0.0, 0.0, 0.5, 0.5 ] },
								"west": { "texture": "#blue", "uv": [ 0.0, 0.0, 1.0, 0.5 ] },
								"up": { "texture": "#blue", "uv": [ 0.0, 0.0, 0.5, 1.0 ] },
								"down": { "texture": "#blue", "uv": [ 0.0, 0.0, 0.5, 1.0 ] }
							}
						}
					]
				}
			]
		}
	]}